[{"@type":"mappingTemplate","id":"@1","name":"m_mdl_user_sync_2_new_infa_repro_LKP","description":"One connection per LKP- Final Repro","bundleVersion":"0","templateId":"@3","deployTime":1576094667000,"hasParameters":false,"valid":true,"fixedConnection":true,"hasParametersDeployed":false,"fixedConnectionDeployed":true,"isSchemaValidationEnabled":false,"tasks":0,"mappingPreviewFileRecordId":"@2","references":[{"@type":"reference","refObjectId":"@cExqDpWF1EGel10lWVPYeZ","refType":"connection"},{"@type":"reference","refObjectId":"@0CRZUiNt0w3jlsnu69CIiq","refType":"connection"},{"@type":"reference","refObjectId":"@8gdcFa5LIevcNpER4QZfwC","refType":"connection"},{"@type":"reference","refObjectId":"@aMNkIrU3YJ4eQ4skpYXlec","refType":"connection"},{"@type":"reference","refObjectId":"@lXIMPjBFV8RfhhGCy5V8w2","refType":"connection"}]}]