[{"@type":"businessService","id":"@1","name":"SAP_API_PRODUCT_SRV-QA","description":"","type":"WebService","connectionId":"@8u3Cm6CYxwole4LKxmEOsB","enableDynamicRefresh":false,"businessOperations":[{"@type":"businessOperation","id":"@d4mqCv6hOkZk55HxgOfzOj@API_PRODUCT_SRV/A_Product","originName":"API_PRODUCT_SRV/A_Product","name":"API_PRODUCT_SRV/A_Product","description":"","configured":false,"metadataId":"@4","requestId":"@5","responseId":"@6","faultId":"@3","extensionXmlId":"@2"},{"@type":"businessOperation","id":"@d4mqCv6hOkZk55HxgOfzOj@API_PRODUCT_SRV/A_ProductDescription","originName":"API_PRODUCT_SRV/A_ProductDescription","name":"API_PRODUCT_SRV/A_ProductDescription","description":"","configured":false,"metadataId":"@9","requestId":"@10","responseId":"@11","faultId":"@8","extensionXmlId":"@7"},{"@type":"businessOperation","id":"@d4mqCv6hOkZk55HxgOfzOj@API_PRODUCT_SRV/A_ProductPlant","originName":"API_PRODUCT_SRV/A_ProductPlant","name":"API_PRODUCT_SRV/A_ProductPlant","description":"","configured":false,"metadataId":"@14","requestId":"@15","responseId":"@16","faultId":"@13","extensionXmlId":"@12"},{"@type":"businessOperation","id":"@d4mqCv6hOkZk55HxgOfzOj@API_PRODUCT_SRV/A_ProductPlantMRPArea","originName":"API_PRODUCT_SRV/A_ProductPlantMRPArea","name":"API_PRODUCT_SRV/A_ProductPlantMRPArea","description":"","configured":false,"metadataId":"@19","requestId":"@20","responseId":"@21","faultId":"@18","extensionXmlId":"@17"},{"@type":"businessOperation","id":"@d4mqCv6hOkZk55HxgOfzOj@API_PRODUCT_SRV/A_ProductPlantSales","originName":"API_PRODUCT_SRV/A_ProductPlantSales","name":"API_PRODUCT_SRV/A_ProductPlantSales","description":"","configured":false,"metadataId":"@24","requestId":"@25","responseId":"@26","faultId":"@23","extensionXmlId":"@22"},{"@type":"businessOperation","id":"@d4mqCv6hOkZk55HxgOfzOj@API_PRODUCT_SRV/A_ProductPlantStorage","originName":"API_PRODUCT_SRV/A_ProductPlantStorage","name":"API_PRODUCT_SRV/A_ProductPlantStorage","description":"","configured":false,"metadataId":"@29","requestId":"@30","responseId":"@31","faultId":"@28","extensionXmlId":"@27"},{"@type":"businessOperation","id":"@d4mqCv6hOkZk55HxgOfzOj@API_PRODUCT_SRV/A_ProductPurchaseText","originName":"API_PRODUCT_SRV/A_ProductPurchaseText","name":"API_PRODUCT_SRV/A_ProductPurchaseText","description":"","configured":false,"metadataId":"@34","requestId":"@35","responseId":"@36","faultId":"@33","extensionXmlId":"@32"},{"@type":"businessOperation","id":"@d4mqCv6hOkZk55HxgOfzOj@API_PRODUCT_SRV/A_ProductSupplyPlanning","originName":"API_PRODUCT_SRV/A_ProductSupplyPlanning","name":"API_PRODUCT_SRV/A_ProductSupplyPlanning","description":"","configured":false,"metadataId":"@39","requestId":"@40","responseId":"@41","faultId":"@38","extensionXmlId":"@37"},{"@type":"businessOperation","id":"@d4mqCv6hOkZk55HxgOfzOj@API_PRODUCT_SRV/A_ProductSalesTax","originName":"API_PRODUCT_SRV/A_ProductSalesTax","name":"API_PRODUCT_SRV/A_ProductSalesTax","description":"","configured":false,"metadataId":"@44","requestId":"@45","responseId":"@46","faultId":"@43","extensionXmlId":"@42"},{"@type":"businessOperation","id":"@d4mqCv6hOkZk55HxgOfzOj@API_PRODUCT_SRV/A_ProductUnitsOfMeasure","originName":"API_PRODUCT_SRV/A_ProductUnitsOfMeasure","name":"API_PRODUCT_SRV/A_ProductUnitsOfMeasure","description":"","configured":false,"metadataId":"@49","requestId":"@50","responseId":"@51","faultId":"@48","extensionXmlId":"@47"},{"@type":"businessOperation","id":"@d4mqCv6hOkZk55HxgOfzOj@API_PRODUCT_SRV/A_ProductSales","originName":"API_PRODUCT_SRV/A_ProductSales","name":"API_PRODUCT_SRV/A_ProductSales","description":"","configured":false,"metadataId":"@54","requestId":"@55","responseId":"@56","faultId":"@53","extensionXmlId":"@52"},{"@type":"businessOperation","id":"@d4mqCv6hOkZk55HxgOfzOj@API_PRODUCT_SRV/A_ProductSalesDelivery","originName":"API_PRODUCT_SRV/A_ProductSalesDelivery","name":"API_PRODUCT_SRV/A_ProductSalesDelivery","description":"","configured":false,"metadataId":"@59","requestId":"@60","responseId":"@61","faultId":"@58","extensionXmlId":"@57"},{"@type":"businessOperation","id":"@d4mqCv6hOkZk55HxgOfzOj@API_PRODUCT_SRV/A_ProductPlantCosting","originName":"API_PRODUCT_SRV/A_ProductPlantCosting","name":"API_PRODUCT_SRV/A_ProductPlantCosting","description":"","configured":false,"metadataId":"@64","requestId":"@65","responseId":"@66","faultId":"@63","extensionXmlId":"@62"},{"@type":"businessOperation","id":"@d4mqCv6hOkZk55HxgOfzOj@API_PRODUCT_SRV/A_ProductStorage","originName":"API_PRODUCT_SRV/A_ProductStorage","name":"API_PRODUCT_SRV/A_ProductStorage","description":"","configured":false,"metadataId":"@69","requestId":"@70","responseId":"@71","faultId":"@68","extensionXmlId":"@67"}]}]