[{"@type":"fileRecord","id":"@2","name":"extension","type":"XML","size":31729,"attachTime":1611959963000},{"@type":"fileRecord","id":"@6","name":"response","type":"XSD","size":12524,"attachTime":1611959963000},{"@type":"fileRecord","id":"@3","name":"fault","type":"XSD","size":6361,"attachTime":1611959963000},{"@type":"fileRecord","id":"@4","name":"metadata","type":"JSON","size":5604,"attachTime":1611959963000},{"@type":"fileRecord","id":"@5","name":"request","type":"XSD","size":6589,"attachTime":1611959963000}]