[{"@type":"mappingTemplate","id":"@1","name":"Mapping30","description":"","bundleVersion":"0","templateId":"@3","deployTime":1607646604000,"hasParameters":false,"valid":true,"fixedConnection":true,"hasParametersDeployed":false,"fixedConnectionDeployed":true,"isSchemaValidationEnabled":false,"tasks":0,"mappingPreviewFileRecordId":"@2","documentType":"MAPPING","references":[{"@type":"reference","refObjectId":"@17Btr45VyOulWiHNWkl2Cb","refType":"connection"},{"@type":"reference","refObjectId":"@f1zCznmniG8jZCh9z9DJep","refType":"connection"}]}]