[{"@type":"mappingTemplate","id":"@1","name":"vivek_JH_vendor","description":"","bundleVersion":"0","templateId":"@3","deployTime":1612916212000,"hasParameters":false,"valid":true,"fixedConnection":true,"hasParametersDeployed":false,"fixedConnectionDeployed":true,"isSchemaValidationEnabled":false,"tasks":0,"mappingPreviewFileRecordId":"@2","documentType":"MAPPING","references":[{"@type":"reference","refObjectId":"@1jBwBKt9YIWby3i31JBF4n","refType":"connection"},{"@type":"reference","refObjectId":"@04klaCZVzCElWs5CppTpce","refType":"businessService"}]}]