[{"@type":"mappingTemplate","id":"@1","name":"Mapping35","description":"","bundleVersion":"0","templateId":"@3","deployTime":1608666160000,"hasParameters":false,"valid":true,"fixedConnection":true,"hasParametersDeployed":false,"fixedConnectionDeployed":true,"isSchemaValidationEnabled":false,"tasks":0,"mappingPreviewFileRecordId":"@2","documentType":"MAPPING","references":[{"@type":"reference","refObjectId":"@jnBIGebB4o6cqy59YMIS68","refType":"connection"},{"@type":"reference","refObjectId":"@4jbOiMjceLWfAtzwpgbZur","refType":"connection"}]}]