[{"@type":"mappingTemplate","id":"@1","name":"Mapping40","description":"","bundleVersion":"0","templateId":"@3","deployTime":1609833379000,"hasParameters":false,"valid":true,"fixedConnection":true,"hasParametersDeployed":false,"fixedConnectionDeployed":true,"isSchemaValidationEnabled":false,"tasks":0,"mappingPreviewFileRecordId":"@2","documentType":"MAPPING","references":[{"@type":"reference","refObjectId":"@1jBwBKt9YIWby3i31JBF4n","refType":"connection"},{"@type":"reference","refObjectId":"@46LNp3YvO8EiXJ5jekvEu5","refType":"connection"}]}]