[{"@type":"mappingTemplate","id":"@1","name":"Selective_ADLS","description":"","bundleVersion":"0","templateId":"@3","deployTime":1656368112000,"hasParameters":false,"valid":true,"fixedConnection":true,"hasParametersDeployed":false,"fixedConnectionDeployed":true,"isSchemaValidationEnabled":false,"tasks":0,"mappingPreviewFileRecordId":"@2","documentType":"MAPPING","references":[{"@type":"reference","refObjectId":"@46LNp3YvO8EiXJ5jekvEu5","refType":"connection"},{"@type":"reference","refObjectId":"@8ZAgEkd6EW3j5wbgeIJMo2","refType":"connection"}]}]