[{"@type":"mappingTemplate","id":"@1","name":"MTRL_ID_SIF_SLS","description":"","bundleVersion":"0","templateId":"@3","deployTime":1645145099000,"hasParameters":false,"valid":true,"fixedConnection":true,"hasParametersDeployed":false,"fixedConnectionDeployed":true,"isSchemaValidationEnabled":false,"tasks":1,"mappingPreviewFileRecordId":"@2","documentType":"MAPPING","references":[{"@type":"reference","refObjectId":"@6MoDFvOWmKNdtG8YNRbQ2x","refType":"businessService"},{"@type":"reference","refObjectId":"@6MoDFvOWmKNdtG8YNRbQ2x@put","refType":"businessOperation"},{"@type":"reference","refObjectId":"@8B8PhpkLwbXgQyV0Na65a8","refType":"connection"},{"@type":"reference","refObjectId":"@aLvnz1Kty6NboofdPKXvKN","refType":"connection"}]}]