[{"@type":"mappingTemplate","id":"@1","name":"vivek_azure_PDO_new","description":"","bundleVersion":"0","templateId":"@3","deployTime":1609911647000,"hasParameters":true,"valid":true,"fixedConnection":true,"hasParametersDeployed":true,"fixedConnectionDeployed":true,"isSchemaValidationEnabled":false,"tasks":1,"mappingPreviewFileRecordId":"@2","documentType":"MAPPING","references":[{"@type":"reference","refObjectId":"@4jbOiMjceLWfAtzwpgbZur","refType":"connection"},{"@type":"reference","refObjectId":"@5srzhmM0kMckWOFaIznH2T","refType":"connection"}]}]