[{"@type":"mappingTemplate","id":"@1","name":"Product_Create","description":"","bundleVersion":"0","templateId":"@3","deployTime":1645145099000,"hasParameters":false,"valid":true,"fixedConnection":true,"hasParametersDeployed":false,"fixedConnectionDeployed":true,"isSchemaValidationEnabled":false,"tasks":1,"mappingPreviewFileRecordId":"@2","documentType":"MAPPING","references":[{"@type":"reference","refObjectId":"@d4mqCv6hOkZk55HxgOfzOj","refType":"businessService"},{"@type":"reference","refObjectId":"@6MoDFvOWmKNdtG8YNRbQ2x","refType":"businessService"},{"@type":"reference","refObjectId":"@6MoDFvOWmKNdtG8YNRbQ2x@put","refType":"businessOperation"},{"@type":"reference","refObjectId":"@8B8PhpkLwbXgQyV0Na65a8","refType":"connection"},{"@type":"reference","refObjectId":"@d4mqCv6hOkZk55HxgOfzOj@API_PRODUCT_SRV/A_Product","refType":"businessOperation"},{"@type":"reference","refObjectId":"@aLvnz1Kty6NboofdPKXvKN","refType":"connection"}]}]