[{"@type":"mappingTemplate","id":"@1","name":"Mapping36","description":"","bundleVersion":"0","templateId":"@3","deployTime":1608577163000,"hasParameters":false,"valid":true,"fixedConnection":true,"hasParametersDeployed":false,"fixedConnectionDeployed":true,"isSchemaValidationEnabled":false,"tasks":0,"mappingPreviewFileRecordId":"@2","documentType":"MAPPING","references":[{"@type":"reference","refObjectId":"@1jBwBKt9YIWby3i31JBF4n","refType":"connection"},{"@type":"reference","refObjectId":"@1dlB5lTX1g0eoyo3L76tuz","refType":"connection"}]}]