[{"@type":"mappingTemplate","id":"@1","name":"Mapping_Update_PRD_to_PLNT","description":"","bundleVersion":"0","templateId":"@3","deployTime":1645145095000,"hasParameters":true,"valid":true,"fixedConnection":true,"hasParametersDeployed":true,"fixedConnectionDeployed":true,"isSchemaValidationEnabled":false,"tasks":1,"mappingPreviewFileRecordId":"@2","documentType":"MAPPING","references":[{"@type":"reference","refObjectId":"@d4mqCv6hOkZk55HxgOfzOj","refType":"businessService"},{"@type":"reference","refObjectId":"@8B8PhpkLwbXgQyV0Na65a8","refType":"connection"},{"@type":"reference","refObjectId":"@d4mqCv6hOkZk55HxgOfzOj@API_PRODUCT_SRV/A_ProductPlant","refType":"businessOperation"},{"@type":"reference","refObjectId":"@39uqIe4fXGEjN726Xdlp4F","refType":"connection"},{"@type":"reference","refObjectId":"@aLvnz1Kty6NboofdPKXvKN","refType":"connection"},{"@type":"reference","refObjectId":"@d4mqCv6hOkZk55HxgOfzOj@API_PRODUCT_SRV/A_ProductSupplyPlanning","refType":"businessOperation"}]}]