[{"@type":"drsTask","id":"@1","name":"Replication Task1","maxLogs":10,"sourceConnectionId":"@kWZSQozbcO9fvmOnm150AV","targetConnectionId":"@kWZSQozbcO9fvmOnm150AV","tablePrefix":"EBF2_","verbose":false,"fullRefresh":true,"replicateAllObjects":false,"removeDeleted":true,"queryAll":false,"srcShowLabels":false,"maxRows":0,"stopOnError":true,"replicationObjects":["SF_ACCOUNT"],"excludedReplicationObjects":[],"majorUpdateTime":1722982164000,"metadataMode":0,"bulkApi":false,"base64BodySize":0.0,"bulkApiDBTarget":false,"fieldExclusions":[],"filters":[],"advancedFilters":[],"srcRuntimeAttrs":{"@type":"taskRuntimeAttrs","attrs":{}}}]