[{"@type":"fileRecord","id":"@3","name":"fault","type":"XSD","size":6361,"attachTime":1607077198000},{"@type":"fileRecord","id":"@2","name":"extension","type":"XML","size":31715,"attachTime":1607077198000},{"@type":"fileRecord","id":"@5","name":"request","type":"XSD","size":6575,"attachTime":1607077198000},{"@type":"fileRecord","id":"@6","name":"response","type":"XSD","size":12524,"attachTime":1607077198000},{"@type":"fileRecord","id":"@4","name":"metadata","type":"JSON","size":5590,"attachTime":1607077198000}]