[{"@type":"mappingTemplate","id":"@1","name":"ASN_XSD_to_CSV - Copy 1","description":"Mapping","bundleVersion":"0","templateId":"@3","deployTime":1566531452000,"hasParameters":false,"valid":true,"fixedConnection":true,"hasParametersDeployed":false,"fixedConnectionDeployed":true,"isSchemaValidationEnabled":false,"tasks":0,"mappingPreviewFileRecordId":"@2","documentType":"","references":[{"@type":"reference","refObjectId":"@lkgcsWFZaa6bqhodpU8hG8","refType":"connection"},{"@type":"reference","refObjectId":"@0CRK2xHnuTudSVef2xnyUL","refType":"connection"},{"@type":"reference","refObjectId":"@9dE8kleiFu2jznomerIqGE","refType":"hschema"}]}]