[{"@type":"mappingTemplate","id":"@1","name":"s3_comerica_delimiter","description":"","bundleVersion":"0","templateId":"@3","deployTime":1718406746000,"hasParameters":false,"valid":true,"fixedConnection":true,"hasParametersDeployed":false,"fixedConnectionDeployed":true,"isSchemaValidationEnabled":false,"tasks":1,"mappingPreviewFileRecordId":"@2","documentType":"MAPPING","references":[{"@type":"reference","refObjectId":"@1jBwBKt9YIWby3i31JBF4n","refType":"connection"},{"@type":"reference","refObjectId":"@4OezpBhtk6DgBWLd3MWGC9","refType":"connection"}]}]