[{"@type":"mtTask","id":"@1","name":"mt_Extract_PRDCT_XREF","description":"Extract from MSTR","runtimeEnvironmentId":"@81ymyPTILezh3CLnxFiheY","maxLogs":10,"verbose":false,"mappingId":"@a9l3ww2IAcIgW0vjoxD4eM","frsGuid":"2LIgTOaIF2af60vyJ0Zgq6","shortDescription":"Extract from MSTR","sessionPropertiesList":[],"hidden":false,"enableCrossSchemaPushdown":true,"enableParallelRun":false,"autoTunedApplied":false,"autoTunedAppliedType":"NONE","paramFileType":"PARAM_FILE_LOCAL","schemaMode":"async","valid":true,"schemaValidationErrorCount":-1,"parameterFileEncoding":"UTF-8","serverlessProperties":{},"taskProperties":[{"@type":"taskProperty","name":"parameterFileDir","currentValue":"","type":"STRING","label":"label.parameterFileDir","required":false},{"@type":"taskProperty","name":"parameterFileName","currentValue":"","type":"STRING","label":"label.parameterFileName","required":false},{"@type":"taskProperty","name":"outboundMessageUrlQueueTime","currentValue":"","type":"NUMBER","label":"label.outboundMessageUrlQueueTime","required":false},{"@type":"taskProperty","name":"outboundMessageUrlToken","currentValue":"","type":"STRING","label":"label.outboundMessageUrlToken","required":false}],"jobPriority":"MEDIUM","optimizationPlan":"NONE","isMidstreamPreview":false,"parameters":[{"@type":"mtTaskParameter","id":918041121,"name":"$Src_MDM_S3$","type":"EXTENDED_SOURCE","label":"Conn_MDM (Conn_MDM)","description":"","uiProperties":{"cnxtype":"Oracle","connectionParameterized":"true","paramName":"Conn_MDM","paramLabel":"Conn_MDM","paramType-mapping":"Connection","logcnx":"Conn_MDM","isSelectDistinct":"false","isMsrcFilterParameterized":"false","isMsrcSortParameterized":"false","objlabel":"p_Source_S3","origobjlabel":"p_Source_S3","objectParameterized":"true","objDesc":"","objectParamName":"p_Source_S3","objectParamType-mapping":"DataObject","originalPath":"Src_MDM_S3"},"sourceConnectionId":"@31p0SCmrqdYgtIyVMkvcyV","newFlatFile":false,"newObject":false,"showBusinessNames":true,"naturalOrder":true,"truncateTarget":false,"bulkApiDBTarget":false,"customFuncCfg":{"@type":"customFuncConfig","id":-1,"connections":[],"inputMap":[],"outputFields":[]},"targetRefsV2":{},"targetUpdateColumns":[],"extendedObject":{"@type":"extendedObject","singleMode":false,"filters":[],"sortFields":[]},"runtimeAttrs":{"Sql Override":"$$p_Src_MDM"},"isRESTModernSource":true,"customQuery":"SELECT \nxref.PKEY_SRC_OBJECT AS ITEM_SKEY,\nxref.MTRL_IDNTFR AS PRODUCT_IDENTIFIER,\nxref.OVRLL_MTRL_TYP AS OVERALL_ITEM_TYPE,\nxref.MTRL_TYP AS ITEM_TYPE,\nxref.CHAMP_CD AS CHAMP_CODE,\nxref.PRDCT_CTGR AS PRODUCT_CATEGORY,\nxref.TCHNLG_GRP AS TECHNOLOGY_GROUP,\nxref.PRDCT_HRCHY AS PRODUCT_HIERARCHY,\nxref.PRDCT_TYPE AS PRODUCT_TYPE,\nxref.BS_UNT_MSR AS BASE_UNIT_OF_MEASURE,\nxref.DVSN AS BU,\nxref.SBU_DVSN AS SBU,\nxref.STATUS_CD AS PRODUCT_STATUS,\nxref.ORGNTNG_ID AS ORIGINATING_IDENTIFIER,\nxref.SRC_SYSTM_ID AS ORIGINATING_SYSTEM,\nxref.NW_PRDCT_LNCH_DT AS NEW_PRODUCT_LAUNCH_DATE,\nxref.ITM_EXST_SRC AS ITEM_EXISTS_IN_SOURCE,\nxref.CREATOR,\nto_Char(xref.CREATE_DATE, 'YYYY-MM-DD HH:MM:SS') as CREATE_DATE,\nxref.UPDATED_BY,\nto_Char(xref.LAST_UPDATE_DATE, 'YYYY-MM-DD HH:MM:SS') as LAST_UPDATE_DATE \nFROM MATERIALS_HUB.C_BO_PRDCT_MSTR mstr\nINNER JOIN MATERIALS_HUB.C_BO_PRDCT_MSTR_XREF xref ON MSTR.ROWID_OBJECT  = xref.ROWID_OBJECT \nWHERE xref.ROWID_SYSTEM <> 'SYS0'\n","isFileList":false,"handleSpecialChars":false,"handleDecimalRoundOff":false,"frsAsset":false,"dynamicFileName":false,"excludeDynamicFileNameField":false,"currentlyProcessedFileName":false,"retainFieldMetadata":false,"useExactSrcNames":false,"fetchMode":"ORIGINAL","tgtObjectAttributes":{},"runtimeParameterData":{"@type":"mtTaskRuntimeParameterData","isConnectionRuntimeParameter":false,"isObjectRuntimeParameter":false,"connectionParameterName":"Conn_MDM","objectParameterName":"p_Source_S3"},"overridableProperties":[],"overriddenFields":[]},{"@type":"mtTaskParameter","id":918041122,"name":"$Tgt_DataLake$","type":"TARGET","label":"Tgt_DataLake","uiProperties":{"connectionParameterized":"false","objlabel":"p_Target_S3","origobjlabel":"p_Target_S3","objectParameterized":"true","objDesc":"","objectParamName":"p_Target_S3","objectParamType-mapping":"DataObject","defaultTargetUpdateColumns":"","supportApplyDDLChanges":"true","originalPath":"Tgt_DataLake"},"targetConnectionId":"@hvNetBxGbcRfIC8Tru7FE4","targetObject":"C_BO_PRDCT_XREF.csv","targetObjectLabel":"C_BO_PRDCT_XREF.csv","newFlatFile":false,"newObject":true,"showBusinessNames":true,"naturalOrder":true,"newObjectName":"C_BO_PRDCT_XREF.csv","truncateTarget":false,"bulkApiDBTarget":false,"operationType":"Insert","customFuncCfg":{"@type":"customFuncConfig","id":-1,"connections":[],"inputMap":[],"outputFields":[]},"targetRefsV2":{},"targetUpdateColumns":[],"extendedObject":{"@type":"extendedObject","singleMode":true,"filters":[],"sortFields":[]},"runtimeAttrs":{},"isRESTModernSource":true,"isFileList":false,"handleSpecialChars":false,"handleDecimalRoundOff":false,"frsAsset":false,"dynamicFileName":false,"excludeDynamicFileNameField":false,"currentlyProcessedFileName":false,"retainFieldMetadata":false,"objectName":"C_BO_PRDCT_XREF.csv","objectLabel":"C_BO_PRDCT_XREF.csv","useExactSrcNames":false,"fetchMode":"ORIGINAL","tgtObjectAttributes":{"parent":""},"dataFormat":{"@type":"dataFormat","formatId":"Flat","schema":"","dataFormatAttributes":{"escapeChar":"\\","rowDelimiter":"","importColumnFromFirstLine":"true","headerLineNumber":"1","maxRowsToPreview":"0","distributionColumn":"","qualifierMode":"MINIMAL","firstDataRow":"2","generateHeader":"true","delimiter":"֎","qualifier":"\"","targetHeader":"With Header","disableEscapeChar":"true","escapeCharacterDataRetained":"false","codePage":"UTF-8","fixedWidthMode":"false"}},"runtimeParameterData":{"@type":"mtTaskRuntimeParameterData","isConnectionRuntimeParameter":false,"isObjectRuntimeParameter":false,"objectParameterName":"p_Target_S3"},"overridableProperties":[],"overriddenFields":[]}],"sequences":[],"inOutParameters":[{"@type":"mtTaskInOutParameter","id":"-1","name":"p_Trg_S3","description":"p_Trg_S3","initialValue":"","datatype":"STRING","precision":"1000","scale":"0","retentionPolicy":"ON_SUCCESS_OR_WARNING","aggregationType":"MAX","currentValue":""},{"@type":"mtTaskInOutParameter","id":"-1","name":"p_Src_MDM","description":"p_Src_MDM","initialValue":"''","datatype":"STRING","precision":"2000","scale":"0","retentionPolicy":"ON_SUCCESS_OR_WARNING","aggregationType":"MAX","currentValue":"''"}],"connRuntimeAttrs":[]}]